1,Afghanistan,https://tmssl.akamaized.net//images/flagge/verysmall/1.png?lm=1520611569
2,Egypt,https://tmssl.akamaized.net//images/flagge/verysmall/2.png?lm=1520611569
3,Albania,https://tmssl.akamaized.net//images/flagge/verysmall/3.png?lm=1520611569
4,Algeria,https://tmssl.akamaized.net//images/flagge/verysmall/4.png?lm=1520611569
5,Andorra,https://tmssl.akamaized.net//images/flagge/verysmall/5.png?lm=1520611569
6,Angola,https://tmssl.akamaized.net//images/flagge/verysmall/6.png?lm=1520611569
7,Antigua and Barbuda,https://tmssl.akamaized.net//images/flagge/verysmall/7.png?lm=1520611569
8,Equatorial Guinea,https://tmssl.akamaized.net//images/flagge/verysmall/8.png?lm=1520611569
9,Argentina,https://tmssl.akamaized.net//images/flagge/verysmall/9.png?lm=1520611569
10,Armenia,https://tmssl.akamaized.net//images/flagge/verysmall/10.png?lm=1520611569
11,Ethiopia,https://tmssl.akamaized.net//images/flagge/verysmall/11.png?lm=1520611569
12,Australia,https://tmssl.akamaized.net//images/flagge/verysmall/12.png?lm=1520611569
13,Azerbaijan,https://tmssl.akamaized.net//images/flagge/verysmall/13.png?lm=1520611569
14,Bahamas,https://tmssl.akamaized.net//images/flagge/verysmall/14.png?lm=1520611569
15,Bahrain,https://tmssl.akamaized.net//images/flagge/verysmall/15.png?lm=1520611569
16,Bangladesh,https://tmssl.akamaized.net//images/flagge/verysmall/16.png?lm=1520611569
17,Barbados,https://tmssl.akamaized.net//images/flagge/verysmall/17.png?lm=1520611569
18,Belarus,https://tmssl.akamaized.net//images/flagge/verysmall/18.png?lm=1520611569
19,Belgium,https://tmssl.akamaized.net//images/flagge/verysmall/19.png?lm=1520611569
20,Belize,https://tmssl.akamaized.net//images/flagge/verysmall/20.png?lm=1520611569
21,Benin,https://tmssl.akamaized.net//images/flagge/verysmall/21.png?lm=1520611569
22,Bhutan,https://tmssl.akamaized.net//images/flagge/verysmall/22.png?lm=1520611569
23,Bolivia,https://tmssl.akamaized.net//images/flagge/verysmall/23.png?lm=1520611569
24,Bosnia-Herzegovina,https://tmssl.akamaized.net//images/flagge/verysmall/24.png?lm=1569523290
25,Botswana,https://tmssl.akamaized.net//images/flagge/verysmall/25.png?lm=1520611569
26,Brazil,https://tmssl.akamaized.net//images/flagge/verysmall/26.png?lm=1520611569
27,Brunei Darussalam,https://tmssl.akamaized.net//images/flagge/verysmall/27.png?lm=1520611569
28,Bulgaria,https://tmssl.akamaized.net//images/flagge/verysmall/28.png?lm=1520611569
29,Burkina Faso,https://tmssl.akamaized.net//images/flagge/verysmall/29.png?lm=1520611569
30,Burundi,https://tmssl.akamaized.net//images/flagge/verysmall/30.png?lm=1520611569
31,Cameroon,https://tmssl.akamaized.net//images/flagge/verysmall/31.png?lm=1520611569
32,Cape Verde,https://tmssl.akamaized.net//images/flagge/verysmall/32.png?lm=1520611569
33,Chile,https://tmssl.akamaized.net//images/flagge/verysmall/33.png?lm=1520611569
34,China,https://tmssl.akamaized.net//images/flagge/verysmall/34.png?lm=1520611569
35,Comoros,https://tmssl.akamaized.net//images/flagge/verysmall/35.png?lm=1520611569
36,Costa Rica,https://tmssl.akamaized.net//images/flagge/verysmall/36.png?lm=1520611569
37,Croatia,https://tmssl.akamaized.net//images/flagge/verysmall/37.png?lm=1520611569
38,Cote d'Ivoire,https://tmssl.akamaized.net//images/flagge/verysmall/38.png?lm=1520611569
39,Denmark,https://tmssl.akamaized.net//images/flagge/verysmall/39.png?lm=1520611569
40,Germany,https://tmssl.akamaized.net//images/flagge/verysmall/40.png?lm=1520612525
41,Djibouti,https://tmssl.akamaized.net//images/flagge/verysmall/41.png?lm=1520611569
42,Dominica,https://tmssl.akamaized.net//images/flagge/verysmall/42.png?lm=1520611569
43,Dominican Republic,https://tmssl.akamaized.net//images/flagge/verysmall/43.png?lm=1520611569
44,Ecuador,https://tmssl.akamaized.net//images/flagge/verysmall/44.png?lm=1520611569
45,El Salvador,https://tmssl.akamaized.net//images/flagge/verysmall/45.png?lm=1520611569
46,Eritrea,https://tmssl.akamaized.net//images/flagge/verysmall/46.png?lm=1520611569
47,Estonia,https://tmssl.akamaized.net//images/flagge/verysmall/47.png?lm=1520611569
48,Fiji,https://tmssl.akamaized.net//images/flagge/verysmall/48.png?lm=1520611569
49,Finland,https://tmssl.akamaized.net//images/flagge/verysmall/49.png?lm=1520611569
50,France,https://tmssl.akamaized.net//images/flagge/verysmall/50.png?lm=1520611569
51,Gabon,https://tmssl.akamaized.net//images/flagge/verysmall/51.png?lm=1520611569
52,The Gambia,https://tmssl.akamaized.net//images/flagge/verysmall/52.png?lm=1520611569
53,Georgia,https://tmssl.akamaized.net//images/flagge/verysmall/53.png?lm=1520611569
54,Ghana,https://tmssl.akamaized.net//images/flagge/verysmall/54.png?lm=1520611569
55,Grenada,https://tmssl.akamaized.net//images/flagge/verysmall/55.png?lm=1520611569
56,Greece,https://tmssl.akamaized.net//images/flagge/verysmall/56.png?lm=1520611569
58,Guatemala,https://tmssl.akamaized.net//images/flagge/verysmall/58.png?lm=1520611569
59,Guinea,https://tmssl.akamaized.net//images/flagge/verysmall/59.png?lm=1520611569
60,Guinea-Bissau,https://tmssl.akamaized.net//images/flagge/verysmall/60.png?lm=1520611569
61,Guyana,https://tmssl.akamaized.net//images/flagge/verysmall/61.png?lm=1520611569
62,Haiti,https://tmssl.akamaized.net//images/flagge/verysmall/62.png?lm=1520611569
66,Honduras,https://tmssl.akamaized.net//images/flagge/verysmall/66.png?lm=1699286249
67,India,https://tmssl.akamaized.net//images/flagge/verysmall/67.png?lm=1520611569
68,Indonesia,https://tmssl.akamaized.net//images/flagge/verysmall/68.png?lm=1520611569
69,Solomon Islands,https://tmssl.akamaized.net//images/flagge/verysmall/69.png?lm=1520611569
70,Iraq,https://tmssl.akamaized.net//images/flagge/verysmall/70.png?lm=1520611569
71,Iran,https://tmssl.akamaized.net//images/flagge/verysmall/71.png?lm=1520611569
72,Ireland,https://tmssl.akamaized.net//images/flagge/verysmall/72.png?lm=1520611569
73,Iceland,https://tmssl.akamaized.net//images/flagge/verysmall/73.png?lm=1520611569
74,Israel,https://tmssl.akamaized.net//images/flagge/verysmall/74.png?lm=1520611569
75,Italy,https://tmssl.akamaized.net//images/flagge/verysmall/75.png?lm=1520611569
76,Jamaica,https://tmssl.akamaized.net//images/flagge/verysmall/76.png?lm=1520611569
77,Japan,https://tmssl.akamaized.net//images/flagge/verysmall/77.png?lm=1520611569
78,Jordan,https://tmssl.akamaized.net//images/flagge/verysmall/78.png?lm=1520611569
79,Cambodia,https://tmssl.akamaized.net//images/flagge/verysmall/79.png?lm=1520611569
80,Canada,https://tmssl.akamaized.net//images/flagge/verysmall/80.png?lm=1520611569
81,Kazakhstan,https://tmssl.akamaized.net//images/flagge/verysmall/81.png?lm=1520611569
82,Kenya,https://tmssl.akamaized.net//images/flagge/verysmall/82.png?lm=1520611569
83,Colombia,https://tmssl.akamaized.net//images/flagge/verysmall/83.png?lm=1520611569
85,Congo,https://tmssl.akamaized.net//images/flagge/verysmall/85.png?lm=1520611569
86,"Korea, North",https://tmssl.akamaized.net//images/flagge/verysmall/86.png?lm=1520611569
87,"Korea, South",https://tmssl.akamaized.net//images/flagge/verysmall/87.png?lm=1520611569
88,Cuba,https://tmssl.akamaized.net//images/flagge/verysmall/88.png?lm=1520611569
89,Kuwait,https://tmssl.akamaized.net//images/flagge/verysmall/89.png?lm=1520611569
90,Kyrgyzstan,https://tmssl.akamaized.net//images/flagge/verysmall/90.png?lm=1520611569
91,Laos,https://tmssl.akamaized.net//images/flagge/verysmall/91.png?lm=1520611569
92,Latvia,https://tmssl.akamaized.net//images/flagge/verysmall/92.png?lm=1520611569
93,Lesotho,https://tmssl.akamaized.net//images/flagge/verysmall/93.png?lm=1520611569
94,Lebanon,https://tmssl.akamaized.net//images/flagge/verysmall/94.png?lm=1520611569
95,Liberia,https://tmssl.akamaized.net//images/flagge/verysmall/95.png?lm=1520611569
96,Libya,https://tmssl.akamaized.net//images/flagge/verysmall/96.png?lm=1520611569
97,Liechtenstein,https://tmssl.akamaized.net//images/flagge/verysmall/97.png?lm=1520611569
98,Lithuania,https://tmssl.akamaized.net//images/flagge/verysmall/98.png?lm=1520611569
99,Luxembourg,https://tmssl.akamaized.net//images/flagge/verysmall/99.png?lm=1520611569
100,North Macedonia,https://tmssl.akamaized.net//images/flagge/verysmall/100.png?lm=1520611569
101,Madagascar,https://tmssl.akamaized.net//images/flagge/verysmall/101.png?lm=1520611569
102,Malawi,https://tmssl.akamaized.net//images/flagge/verysmall/102.png?lm=1520611569
103,Malaysia,https://tmssl.akamaized.net//images/flagge/verysmall/103.png?lm=1520611569
104,Maldives,https://tmssl.akamaized.net//images/flagge/verysmall/104.png?lm=1520611569
105,Mali,https://tmssl.akamaized.net//images/flagge/verysmall/105.png?lm=1520611569
106,Malta,https://tmssl.akamaized.net//images/flagge/verysmall/106.png?lm=1520611569
107,Morocco,https://tmssl.akamaized.net//images/flagge/verysmall/107.png?lm=1520611569
108,Mauritania,https://tmssl.akamaized.net//images/flagge/verysmall/108.png?lm=1520611569
109,Mauritius,https://tmssl.akamaized.net//images/flagge/verysmall/109.png?lm=1520611569
110,Mexico,https://tmssl.akamaized.net//images/flagge/verysmall/110.png?lm=1520611569
112,Moldova,https://tmssl.akamaized.net//images/flagge/verysmall/112.png?lm=1520611569
113,Monaco,https://tmssl.akamaized.net//images/flagge/verysmall/113.png?lm=1520611569
114,Mongolia,https://tmssl.akamaized.net//images/flagge/verysmall/114.png?lm=1520611569
115,Mozambique,https://tmssl.akamaized.net//images/flagge/verysmall/115.png?lm=1520611569
116,Myanmar,https://tmssl.akamaized.net//images/flagge/verysmall/116.png?lm=1520611569
117,Namibia,https://tmssl.akamaized.net//images/flagge/verysmall/117.png?lm=1520611569
119,Nepal,https://tmssl.akamaized.net//images/flagge/verysmall/119.png?lm=1520611569
120,New Zealand,https://tmssl.akamaized.net//images/flagge/verysmall/120.png?lm=1520611569
121,Nicaragua,https://tmssl.akamaized.net//images/flagge/verysmall/121.png?lm=1520611569
122,Netherlands,https://tmssl.akamaized.net//images/flagge/verysmall/122.png?lm=1520611569
123,Niger,https://tmssl.akamaized.net//images/flagge/verysmall/123.png?lm=1520611569
124,Nigeria,https://tmssl.akamaized.net//images/flagge/verysmall/124.png?lm=1520611569
125,Norway,https://tmssl.akamaized.net//images/flagge/verysmall/125.png?lm=1520611569
126,Oman,https://tmssl.akamaized.net//images/flagge/verysmall/126.png?lm=1520611569
127,Austria,https://tmssl.akamaized.net//images/flagge/verysmall/127.png?lm=1520611569
128,Pakistan,https://tmssl.akamaized.net//images/flagge/verysmall/128.png?lm=1520611569
130,Panama,https://tmssl.akamaized.net//images/flagge/verysmall/130.png?lm=1520611569
131,Papua New Guinea,https://tmssl.akamaized.net//images/flagge/verysmall/131.png?lm=1520611569
132,Paraguay,https://tmssl.akamaized.net//images/flagge/verysmall/132.png?lm=1520611569
133,Peru,https://tmssl.akamaized.net//images/flagge/verysmall/133.png?lm=1520611569
134,Philippines,https://tmssl.akamaized.net//images/flagge/verysmall/134.png?lm=1520611569
135,Poland,https://tmssl.akamaized.net//images/flagge/verysmall/135.png?lm=1520611569
136,Portugal,https://tmssl.akamaized.net//images/flagge/verysmall/136.png?lm=1520611569
137,Qatar,https://tmssl.akamaized.net//images/flagge/verysmall/137.png?lm=1520611569
138,Central African Republic,https://tmssl.akamaized.net//images/flagge/verysmall/138.png?lm=1520611569
139,Rwanda,https://tmssl.akamaized.net//images/flagge/verysmall/139.png?lm=1520611569
140,Romania,https://tmssl.akamaized.net//images/flagge/verysmall/140.png?lm=1520611569
141,Russia,https://tmssl.akamaized.net//images/flagge/verysmall/141.png?lm=1520611569
142,Zambia,https://tmssl.akamaized.net//images/flagge/verysmall/142.png?lm=1520611569
143,Samoa,https://tmssl.akamaized.net//images/flagge/verysmall/143.png?lm=1520611569
144,San Marino,https://tmssl.akamaized.net//images/flagge/verysmall/144.png?lm=1520611569
145,Sao Tome and Principe,https://tmssl.akamaized.net//images/flagge/verysmall/145.png?lm=1520611569
146,Saudi Arabia,https://tmssl.akamaized.net//images/flagge/verysmall/146.png?lm=1520611569
147,Sweden,https://tmssl.akamaized.net//images/flagge/verysmall/147.png?lm=1520611569
148,Switzerland,https://tmssl.akamaized.net//images/flagge/verysmall/148.png?lm=1520611569
149,Senegal,https://tmssl.akamaized.net//images/flagge/verysmall/149.png?lm=1520611569
151,Seychelles,https://tmssl.akamaized.net//images/flagge/verysmall/151.png?lm=1520611569
152,Sierra Leone,https://tmssl.akamaized.net//images/flagge/verysmall/152.png?lm=1520611569
153,Singapore,https://tmssl.akamaized.net//images/flagge/verysmall/153.png?lm=1520611569
154,Slovakia,https://tmssl.akamaized.net//images/flagge/verysmall/154.png?lm=1520611569
155,Slovenia,https://tmssl.akamaized.net//images/flagge/verysmall/155.png?lm=1520611569
156,Somalia,https://tmssl.akamaized.net//images/flagge/verysmall/156.png?lm=1520611569
157,Spain,https://tmssl.akamaized.net//images/flagge/verysmall/157.png?lm=1520611569
158,Sri Lanka,https://tmssl.akamaized.net//images/flagge/verysmall/158.png?lm=1520611569
159,South Africa,https://tmssl.akamaized.net//images/flagge/verysmall/159.png?lm=1520611569
160,Sudan,https://tmssl.akamaized.net//images/flagge/verysmall/160.png?lm=1520611569
161,Suriname,https://tmssl.akamaized.net//images/flagge/verysmall/161.png?lm=1520611569
162,Eswatini,https://tmssl.akamaized.net//images/flagge/verysmall/162.png?lm=1520611569
163,Syria,https://tmssl.akamaized.net//images/flagge/verysmall/163.png?lm=1520611569
164,Chinese Taipei,https://tmssl.akamaized.net//images/flagge/verysmall/164.png?lm=1679300082
165,Tajikistan,https://tmssl.akamaized.net//images/flagge/verysmall/165.png?lm=1520611569
166,Tanzania,https://tmssl.akamaized.net//images/flagge/verysmall/166.png?lm=1520611569
167,Thailand,https://tmssl.akamaized.net//images/flagge/verysmall/167.png?lm=1520611569
168,Togo,https://tmssl.akamaized.net//images/flagge/verysmall/168.png?lm=1520611569
169,Tonga,https://tmssl.akamaized.net//images/flagge/verysmall/169.png?lm=1520611569
170,Trinidad and Tobago,https://tmssl.akamaized.net//images/flagge/verysmall/170.png?lm=1520611569
171,Chad,https://tmssl.akamaized.net//images/flagge/verysmall/171.png?lm=1520611569
172,Czech Republic,https://tmssl.akamaized.net//images/flagge/verysmall/172.png?lm=1520611569
173,Tunisia,https://tmssl.akamaized.net//images/flagge/verysmall/173.png?lm=1520611569
174,Türkiye,https://tmssl.akamaized.net//images/flagge/verysmall/174.png?lm=1520611569
175,Turkmenistan,https://tmssl.akamaized.net//images/flagge/verysmall/175.png?lm=1520611569
176,Uganda,https://tmssl.akamaized.net//images/flagge/verysmall/176.png?lm=1520611569
177,Ukraine,https://tmssl.akamaized.net//images/flagge/verysmall/177.png?lm=1520611569
178,Hungary,https://tmssl.akamaized.net//images/flagge/verysmall/178.png?lm=1521635893
179,Uruguay,https://tmssl.akamaized.net//images/flagge/verysmall/179.png?lm=1520611569
180,Uzbekistan,https://tmssl.akamaized.net//images/flagge/verysmall/180.png?lm=1520611569
181,Vanuatu,https://tmssl.akamaized.net//images/flagge/verysmall/181.png?lm=1520611569
182,Venezuela,https://tmssl.akamaized.net//images/flagge/verysmall/182.png?lm=1520611569
183,United Arab Emirates,https://tmssl.akamaized.net//images/flagge/verysmall/183.png?lm=1520611569
184,United States,https://tmssl.akamaized.net//images/flagge/verysmall/184.png?lm=1520611569
185,Vietnam,https://tmssl.akamaized.net//images/flagge/verysmall/185.png?lm=1520611569
186,Yemen,https://tmssl.akamaized.net//images/flagge/verysmall/186.png?lm=1520611569
187,Zimbabwe,https://tmssl.akamaized.net//images/flagge/verysmall/187.png?lm=1520611569
188,Cyprus,https://tmssl.akamaized.net//images/flagge/verysmall/188.png?lm=1520611569
189,England,https://tmssl.akamaized.net//images/flagge/verysmall/189.png?lm=1520611569
190,Scotland,https://tmssl.akamaized.net//images/flagge/verysmall/190.png?lm=1520611569
191,Wales,https://tmssl.akamaized.net//images/flagge/verysmall/191.png?lm=1520611569
192,Northern Ireland,https://tmssl.akamaized.net//images/flagge/verysmall/192.png?lm=1520611569
193,DR Congo,https://tmssl.akamaized.net//images/flagge/verysmall/193.png?lm=1520611569
207,Martinique,https://tmssl.akamaized.net//images/flagge/verysmall/207.png?lm=1699285669
208,Faroe Islands,https://tmssl.akamaized.net//images/flagge/verysmall/208.png?lm=1520611569
211,Bermuda,https://tmssl.akamaized.net//images/flagge/verysmall/211.png?lm=1520611569
215,Serbia,https://tmssl.akamaized.net//images/flagge/verysmall/215.png?lm=1520611569
216,Montenegro,https://tmssl.akamaized.net//images/flagge/verysmall/216.png?lm=1520611569
218,Hongkong,https://tmssl.akamaized.net//images/flagge/verysmall/218.png?lm=1520611569
219,Macao,https://tmssl.akamaized.net//images/flagge/verysmall/219.png?lm=1520611569
224,St. Vincent & Grenadinen,https://tmssl.akamaized.net//images/flagge/verysmall/224.png?lm=1520611569
225,St. Kitts & Nevis,https://tmssl.akamaized.net//images/flagge/verysmall/225.png?lm=1520611569
226,Turks- and Caicosinseln,https://tmssl.akamaized.net//images/flagge/verysmall/226.png?lm=1520611569
227,Netherlands Antilles,https://tmssl.akamaized.net//images/flagge/verysmall/227.png?lm=1520611569
228,Puerto Rico,https://tmssl.akamaized.net//images/flagge/verysmall/228.png?lm=1520611569
229,Cayman Islands,https://tmssl.akamaized.net//images/flagge/verysmall/229.png?lm=1520611569
230,St. Lucia,https://tmssl.akamaized.net//images/flagge/verysmall/230.png?lm=1520611569
231,British Virgin Islands,https://tmssl.akamaized.net//images/flagge/verysmall/231.png?lm=1520611569
232,Anguilla,https://tmssl.akamaized.net//images/flagge/verysmall/232.png?lm=1520611569
233,Aruba,https://tmssl.akamaized.net//images/flagge/verysmall/233.png?lm=1520611569
234,American Virgin Islands,https://tmssl.akamaized.net//images/flagge/verysmall/234.png?lm=1520611569
235,Montserrat,https://tmssl.akamaized.net//images/flagge/verysmall/235.png?lm=1520611569
236,Neukaledonien,https://tmssl.akamaized.net//images/flagge/verysmall/236.png?lm=1520611569
237,Tahiti,https://tmssl.akamaized.net//images/flagge/verysmall/237.png?lm=1520611569
238,Cookinseln,https://tmssl.akamaized.net//images/flagge/verysmall/238.png?lm=1520611569
239,American Samoa,https://tmssl.akamaized.net//images/flagge/verysmall/239.png?lm=1520611569
240,Palestine,https://tmssl.akamaized.net//images/flagge/verysmall/240.png?lm=1520611569
241,Guam,https://tmssl.akamaized.net//images/flagge/verysmall/241.png?lm=1520611569
242,Timor-Leste,https://tmssl.akamaized.net//images/flagge/verysmall/242.png?lm=1520611569
243,Greenland,https://tmssl.akamaized.net//images/flagge/verysmall/243.png?lm=1520611569
244,Kosovo,https://tmssl.akamaized.net//images/flagge/verysmall/244.png?lm=1520611569
247,Tuvalu,https://tmssl.akamaized.net//images/flagge/verysmall/247.png?lm=1520611569
249,Réunion,https://tmssl.akamaized.net//images/flagge/verysmall/249.png?lm=1644594598
